,Source,SS,DF,MS,F,p-unc,np2
0,Geno,237.3705069124423,1.0,237.3705069124423,41.93296021166172,2.759451741277121e-07,0.5671754531620591
1,day,215.6086021505377,2.0,107.80430107526885,19.04429293443235,3.5648633878266222e-06,0.5434349316182268
2,Geno * day,58.48663594470047,2.0,29.243317972350233,5.166012007733794,0.011368289163352285,0.24407110823929415
3,Residual,181.14285714285717,32.0,5.6607142857142865,,,
