,Source,SS,DF,MS,F,p-unc,np2
0,Geno,2262.917357910908,1.0,2262.917357910908,129.8228936283886,8.481651616258912e-13,0.8022529489956776
1,day,3628.193548387096,2.0,1814.096774193548,104.07419065676905,9.879274079484717e-15,0.8667490497959228
2,Geno * day,689.8302611367134,2.0,344.9151305683567,19.78767812711279,2.547905755840065e-06,0.5529187464140519
3,Residual,557.7857142857143,32.0,17.430803571428573,,,
